Export Type,DAQ Systems
Project,VH2D-Project
Responsible Researcher,PhD Student Javier I. Camacho
Total DAQ Systems,5
Generated At,2026-05-23 21:25:02

DAQ System Name,Measured Quantity,Vendor,Model,Serial Number,Sampling Rate (Hz),Channel Count,Owner,Last Calibration Date,Active,Notes
JTCD,concentration,JCT,JTCD-300,14362,1,,LU,2025-07-21,Yes,
pDAQ-1,pressure,Kistler,,,,8,LU,,Yes,
pDAQ-2,pressure,Kistler,,,,4,DBI,,Yes,
pDAQ-3,pressure,Kistler,,,,4,Kistler,,Yes,
pDAQ-4,pressure,Kistler,,,,8,Kistler,,Yes,
